,OBJECTID,BYGNING_ID,FYLKES_NR,FYLKES_NAV,KOMMUNE_NR,KOMMUNE_NA,BYGNINGS_N,BYGNING_LN,BYGNINGSTY,BYGNINGS_1,BYGNINGSST,BYGNINGS_2,GODKJENT_D,IGANGSATT_,TATT_I_BRU,TATT_I_B_1,NAERINGSGR,NAERINGS_1,PAABYGG_TI,PAABYGG__1,REGISTRERT,REGISTRE_1,VANNFORSYN,VANNFORS_1,BRUKSAREAL,BRUKSARE_1,BRUKSARE_2,ANTALL_ETA,ANTALL_BOL,LKOORDINAT,LKOORDIN_1,LKOORDIN_2,LKOORDIN_3,LKOORDIN_4,LX_KOORDIN,LY_KOORDIN,LZ_KOORDIN,UKOORDINAT,UKOORDIN_1,UKOORDIN_2,UKOORDIN_3,UKOORDIN_4,UX_KOORDIN,UY_KOORDIN,UZ_KOORDIN,EIENDOM_AN,HAR_HEIS,BEBYGD_ARE,Romoppvarming,Ventilasjonsprinsipp,Varmt_tappevann_fra,Siste_rehab,Byggetype,Byggtype_profet,Energistandard_profet,Energibronn,Varme_fra_energisentral,Strøm,Energiomraadeid,SHAPE,oppgraderes,grunnvarme,solceller,luft_luft_varmepumpe,fjernvarme,grunnvarme_meter,grunnvarme_kostnad,_nettutveksling_energi,_nettutveksling_vintereffekt,_nettutveksling_sommereffekt,_termisk_energibehov_sum,_levert_fra_kilde_sum,_fjernvarmeproduksjon_sum,_elspesifikt_energibehov_sum,_kompressor_sum,_spisslast_sum,_solcelleproduksjon_sum,_termisk_energibehov_vintereffekt,_levert_fra_kilde_vintereffekt,_fjernvarmeproduksjon_vintereffekt,_elspesifikt_energibehov_vintereffekt,_kompressor_vintereffekt,_spisslast_vintereffekt,_solcelleproduksjon_vintereffekt,_termisk_energibehov_sommereffekt,_levert_fra_kilde_sommereffekt,_fjernvarmeproduksjon_sommereffekt,_elspesifikt_energibehov_sommereffekt,_kompressor_sommereffekt,_spisslast_sommereffekt,_solcelleproduksjon_sommereffekt,scenario_navn
0,1,520146,3,OSLO,301,OSLO,80632169,0,329,Annen forretningsbygning,TB,Tatt i bruk,19670822,19680927,19691114,19691114,G,"Varehandel, reparasjon av motorvogner", , ,19680927,19670822,0,Ikke utfylt,3774.0,0.0,3774.0,4,0,L,22,EUREF89 UTM Sone 32,52,DigitFraStrekKart1_1000,6648663.0,596771.0,0.0,U,23,EUREF89 UTM Sone 33,52,DigitFraStrekKart1_1000,6655077.53,261858.1,0.0,1,J,0.0,Radiator,Balansert,"Egen produksjon, samt tilskudd fra Varmesentral 2 (OMT38)",2018,Næring/energisentral,L,Y,,,,A,"{'x': 596771, 'y': 6648663, 'spatialReference': {'wkid': 25832, 'latestWkid': 25832}}",False,True,False,False,False,1768.0,1060800.0,0.6668,0.172,0.114,0.2913595961,0.1414148557,0.0,0.5168470026,0.0565659423,0.093378798,0.0,0.1200462904,0.0204315429,0,0.0728027784,0.0081726172,0.0914421304,0,0.016806841,0.0120048864,0,0.1095026628,0.0048019546,0.0,0,Bergvarme100
1,31,562854,3,OSLO,301,OSLO,81100020,0,152,Studenthjem/studentboliger,TB,Tatt i bruk,19890505,19890703,19910123,19910123,X,Bolig, , ,19890703,19890505,1,Tilkn. off. vannverk,2012.0,2012.0,0.0,5,28,L,22,EUREF89 UTM Sone 32,52,DigitFraStrekKart1_1000,6648633.0,596724.0,0.0,U,23,EUREF89 UTM Sone 33,52,DigitFraStrekKart1_1000,6655051.89,261808.55,0.0,1,N,1.0,Panelovn,Avtrekksventilasjon. Balansert i kjeller,Varmesentral 1 (OMT72),1991,Boligblokk,B,X,,320264,309869,A,"{'x': 596724, 'y': 6648633, 'spatialReference': {'wkid': 25832, 'latestWkid': 25832}}",False,True,False,False,False,2378.0,1426800.0,0.2298,0.092,0.014,0.3393284394,0.190212413,0.0,0.0806353803,0.0760849652,0.0730310611,0.0,0.1114049084,0.0277174119,0,0.008216505,0.0110869648,0.0726005318,0,0.0171448033,0.0122462881,0,0.0093931896,0.0048985152,0.0,0,Bergvarme100
2,32,562855,3,OSLO,301,OSLO,81100039,0,152,Studenthjem/studentboliger,TB,Tatt i bruk,19890505,19890621,19910109,19910109,Y,Annet som ikke er næring, , ,19890621,19890505,1,Tilkn. off. vannverk,1672.0,1616.0,56.0,5,63,L,22,EUREF89 UTM Sone 32,52,DigitFraStrekKart1_1000,6648597.0,596725.0,0.0,U,23,EUREF89 UTM Sone 33,52,DigitFraStrekKart1_1000,6655015.93,261806.29,0.0,1,N,1.0,Panelovn,Balansert,Varmesentral 1 (OMT72),2022,Boligblokk,B,Y,,240198,115027,A,"{'x': 596725, 'y': 6648597, 'spatialReference': {'wkid': 25832, 'latestWkid': 25832}}",False,True,False,False,False,1247.0,748200.0,0.1476,0.046,0.01,0.1803066329,0.0997633527,0.0,0.0670091232,0.0399053411,0.0406379391,0.0,0.0538938011,0.0147935223,0,0.00682803,0.0059174089,0.0331828698,0,0.0080215924,0.0057297088,0,0.0078058713,0.0022918835,0.0,0,Bergvarme100
3,35,562856,3,OSLO,301,OSLO,81100047,0,152,Studenthjem/studentboliger,TB,Tatt i bruk,19890505,19890621,19901031,19901031,Y,Annet som ikke er næring, , ,19890621,19890505,1,Tilkn. off. vannverk,1672.0,1616.0,56.0,5,63,L,22,EUREF89 UTM Sone 32,52,DigitFraStrekKart1_1000,6648598.0,596687.0,0.0,U,23,EUREF89 UTM Sone 33,52,DigitFraStrekKart1_1000,6655020.37,261768.51,0.0,1,N,1.0,Panelovn,Balansert,Varmesentral 1 (OMT72),2021,Boligblokk,B,Y,,240198,234408,A,"{'x': 596687, 'y': 6648598, 'spatialReference': {'wkid': 25832, 'latestWkid': 25832}}",False,True,False,False,False,1247.0,748200.0,0.1476,0.046,0.01,0.1803066329,0.0997633527,0.0,0.0670091232,0.0399053411,0.0406379391,0.0,0.0538938011,0.0147935223,0,0.00682803,0.0059174089,0.0331828698,0,0.0080215924,0.0057297088,0,0.0078058713,0.0022918835,0.0,0,Bergvarme100
4,38,562857,3,OSLO,301,OSLO,81100055,0,152,Studenthjem/studentboliger,TB,Tatt i bruk,19890505,19890621,19900817,19900817,X,Bolig, , ,19890621,19890505,1,Tilkn. off. vannverk,1616.0,1616.0,0.0,4,63,L,22,EUREF89 UTM Sone 32,52,DigitFraStrekKart1_1000,6648595.0,596651.0,0.0,U,23,EUREF89 UTM Sone 33,52,DigitFraStrekKart1_1000,6655020.64,261732.37,0.0,1,N,0.0,Panelovn,Avtrekksventilasjon,Varmesentral 1 (OMT72),1991,Boligblokk,B,X,,240198,225041,A,"{'x': 596651, 'y': 6648595, 'spatialReference': {'wkid': 25832, 'latestWkid': 25832}}",False,True,False,False,False,1910.0,1146000.0,0.1845,0.074,0.011,0.2725421263,0.1527749798,0.0,0.0647647985,0.0611099919,0.0586571545,0.0,0.0894782962,0.0222620962,0,0.00659934,0.0089048385,0.0583113615,0,0.0137703788,0.0098359848,0,0.0075444306,0.0039343939,0.0,0,Bergvarme100
5,40,562858,3,OSLO,301,OSLO,81100063,0,152,Studenthjem/studentboliger,TB,Tatt i bruk,19890505,19890621,19900411,19900411,X,Bolig, , ,19890621,19890505,1,Tilkn. off. vannverk,1616.0,1616.0,0.0,4,63,L,22,EUREF89 UTM Sone 32,52,DigitFraStrekKart1_1000,6648593.0,596615.0,0.0,U,23,EUREF89 UTM Sone 33,52,DigitFraStrekKart1_1000,6655021.91,261696.31,0.0,1,N,0.0,Panelovn,Avtrekksventilasjon,Varmesentral 1 (OMT72),1991,Boligblokk,B,X,,240198,217773,A,"{'x': 596615, 'y': 6648593, 'spatialReference': {'wkid': 25832, 'latestWkid': 25832}}",False,True,False,False,False,1910.0,1146000.0,0.1845,0.074,0.011,0.2725421263,0.1527749798,0.0,0.0647647985,0.0611099919,0.0586571545,0.0,0.0894782962,0.0222620962,0,0.00659934,0.0089048385,0.0583113615,0,0.0137703788,0.0098359848,0,0.0075444306,0.0039343939,0.0,0,Bergvarme100
6,42,562859,3,OSLO,301,OSLO,81100071,0,152,Studenthjem/studentboliger,TB,Tatt i bruk,19890505,19890621,19900601,19900601,X,Bolig, , ,19890621,19890505,1,Tilkn. off. vannverk,1616.0,1616.0,0.0,4,63,L,22,EUREF89 UTM Sone 32,52,DigitFraStrekKart1_1000,6648629.0,596618.0,0.0,U,23,EUREF89 UTM Sone 33,52,DigitFraStrekKart1_1000,6655057.51,261702.56,0.0,1,N,0.0,Panelovn,Avtrekksventilasjon,Varmesentral 1 (OMT72),1991,Boligblokk,B,X,,240198,209777,A,"{'x': 596618, 'y': 6648629, 'spatialReference': {'wkid': 25832, 'latestWkid': 25832}}",False,True,False,False,False,1910.0,1146000.0,0.1845,0.074,0.011,0.2725421263,0.1527749798,0.0,0.0647647985,0.0611099919,0.0586571545,0.0,0.0894782962,0.0222620962,0,0.00659934,0.0089048385,0.0583113615,0,0.0137703788,0.0098359848,0,0.0075444306,0.0039343939,0.0,0,Bergvarme100
7,44,562860,3,OSLO,301,OSLO,81100098,0,152,Studenthjem/studentboliger,TB,Tatt i bruk,19890505,19890621,19900919,19900919,X,Bolig, , ,19890621,19890505,1,Tilkn. off. vannverk,1616.0,1616.0,0.0,4,63,L,22,EUREF89 UTM Sone 32,52,DigitFraStrekKart1_1000,6648631.0,596653.0,0.0,U,23,EUREF89 UTM Sone 33,52,DigitFraStrekKart1_1000,6655056.33,261737.62,0.0,1,N,1.0,Panelovn,Avtrekksventilasjon,Varmesentral 1 (OMT72),1991,Boligblokk,B,X,,240198,162351,A,"{'x': 596653, 'y': 6648631, 'spatialReference': {'wkid': 25832, 'latestWkid': 25832}}",False,True,False,False,False,1910.0,1146000.0,0.1845,0.074,0.011,0.2725421263,0.1527749798,0.0,0.0647647985,0.0611099919,0.0586571545,0.0,0.0894782962,0.0222620962,0,0.00659934,0.0089048385,0.0583113615,0,0.0137703788,0.0098359848,0,0.0075444306,0.0039343939,0.0,0,Bergvarme100
8,46,562861,3,OSLO,301,OSLO,81100101,0,152,Studenthjem/studentboliger,TB,Tatt i bruk,19890505,19890621,19901123,19901123,Y,Annet som ikke er næring, , ,19890621,19890505,1,Tilkn. off. vannverk,1672.0,1616.0,56.0,5,63,L,22,EUREF89 UTM Sone 32,52,DigitFraStrekKart1_1000,6648648.0,596692.0,0.0,U,23,EUREF89 UTM Sone 33,52,DigitFraStrekKart1_1000,6655069.74,261778.02,0.0,1,N,1.0,Panelovn,Balansert,Varmesentral 1 (OMT72),2022,Boligblokk,B,Y,,240198,133695,A,"{'x': 596692, 'y': 6648648, 'spatialReference': {'wkid': 25832, 'latestWkid': 25832}}",False,True,False,False,False,1247.0,748200.0,0.1476,0.046,0.01,0.1803066329,0.0997633527,0.0,0.0670091232,0.0399053411,0.0406379391,0.0,0.0538938011,0.0147935223,0,0.00682803,0.0059174089,0.0331828698,0,0.0080215924,0.0057297088,0,0.0078058713,0.0022918835,0.0,0,Bergvarme100
9,58,592797,3,OSLO,301,OSLO,81538476,0,152,Studenthjem/studentboliger,FA,Ferdigattest,19661216,19671025,19690604,20171102,X,Bolig, , ,20171102,20171102,0,Ikke utfylt,1969.0,1969.0,0.0,5,72,L,22,EUREF89 UTM Sone 32,52,DigitFraStrekKart1_1000,6648747.0,596757.0,0.0,U,23,EUREF89 UTM Sone 33,52,DigitFraStrekKart1_1000,6655162.5,261851.77,0.0,1,N,2.0,Radiator,Balansert,Varmesentral 1 (OMT72),2018,Boligblokk,B,Y,,274512,50799,A,"{'x': 596757, 'y': 6648747, 'spatialReference': {'wkid': 25832, 'latestWkid': 25832}}",False,True,False,False,False,1469.0,881400.0,0.1738,0.054,0.012,0.2123347848,0.1174844746,0.0,0.0789120595,0.0469937898,0.0478565204,0.0,0.063467042,0.017421319,0,0.0080409038,0.0069685276,0.0390771954,0,0.0094464805,0.0067474861,0,0.0091924405,0.0026989944,0.0,0,Bergvarme100
10,60,592798,3,OSLO,301,OSLO,81538484,0,152,Studenthjem/studentboliger,FA,Ferdigattest,19670306,19671026,19690604,20171102,X,Bolig, , ,20171102,20171102,0,Ikke utfylt,7807.0,7807.0,0.0,10,278,L,22,EUREF89 UTM Sone 32,52,DigitFraStrekKart1_1000,6648772.0,596732.0,0.0,U,23,EUREF89 UTM Sone 33,52,DigitFraStrekKart1_1000,6655189.68,261829.12,0.0,1,J,1.0,Radiator,Balansert,Varmesentral 1 (OMT72),2018,Boligblokk,B,Y,,1056110,885950,A,"{'x': 596732, 'y': 6648772, 'spatialReference': {'wkid': 25832, 'latestWkid': 25832}}",False,True,False,False,False,5823.0,3493800.0,0.689,0.214,0.047,0.8418982555,0.4658208701,0.0,0.3128829094,0.186328348,0.1897490374,0.0,0.2516440818,0.0690747779,0,0.0318818362,0.0276299112,0.1549393927,0,0.0374548874,0.026753491,0,0.0364476298,0.0107013964,0.0,0,Bergvarme100
11,64,593922,3,OSLO,301,OSLO,81553394,0,152,Studenthjem/studentboliger,FA,Ferdigattest,19661216,19671031,19691126,20170829,X,Bolig, , ,20170829,20170829,0,Ikke utfylt,1991.0,1991.0,0.0,5,67,L,22,EUREF89 UTM Sone 32,52,DigitFraStrekKart1_1000,6648805.0,596668.0,0.0,U,23,EUREF89 UTM Sone 33,52,DigitFraStrekKart1_1000,6655228.36,261768.34,0.0,1,N,1.0,Panelovn,Avtrekksventilasjon,Varmesentral 1 (OMT72),1970,Boligblokk,B,X,,312639,267909,A,"{'x': 596668, 'y': 6648805, 'spatialReference': {'wkid': 25832, 'latestWkid': 25832}}",False,True,False,False,False,2353.0,1411800.0,0.2274,0.091,0.014,0.3357867409,0.1882270946,0.0,0.0797937585,0.0752908378,0.0722688085,0.0,0.1102421335,0.0274281148,0,0.0081307462,0.0109712459,0.0718427727,0,0.0169658565,0.012118469,0,0.0092951494,0.0048473876,0.0,0,Bergvarme100
12,65,593923,3,OSLO,301,OSLO,81553408,0,152,Studenthjem/studentboliger,FA,Ferdigattest,19661216,19671031,19700220,20170829,X,Bolig, , ,20170829,20170829,0,Ikke utfylt,2164.0,2164.0,0.0,5,67,L,22,EUREF89 UTM Sone 32,52,DigitFraStrekKart1_1000,6648780.0,596611.0,0.0,U,23,EUREF89 UTM Sone 33,52,DigitFraStrekKart1_1000,6655208.61,261709.27,0.0,1,N,1.0,Panelovn,Avtrekksventilasjon,Varmesentral 1 (OMT72),1970,Boligblokk,B,X,,312639,397638,A,"{'x': 596611, 'y': 6648780, 'spatialReference': {'wkid': 25832, 'latestWkid': 25832}}",False,True,False,False,False,2557.0,1534200.0,0.2471,0.099,0.015,0.3649635899,0.2045823369,0.0,0.0867271187,0.0818329347,0.0785483182,0.0,0.1198211838,0.0298113714,0,0.008837235,0.0119245486,0.0780852638,0,0.0184400369,0.013171455,0,0.0101028143,0.005268582,0.0,0,Bergvarme100
13,71,593932,3,OSLO,301,OSLO,81553491,0,152,Studenthjem/studentboliger,FA,Ferdigattest,19661216,19670613,19680619,20170829,X,Bolig, , ,20170829,20170829,0,Ikke utfylt,2164.0,2164.0,0.0,5,67,L,22,EUREF89 UTM Sone 32,52,DigitFraStrekKart1_1000,6648755.0,596555.0,0.0,U,23,EUREF89 UTM Sone 33,52,DigitFraStrekKart1_1000,6655188.77,261651.2,0.0,1,N,1.0,Panelovn,Avtrekksventilasjon,Varmesentral 1 (OMT72),1970,Boligblokk,B,X,,312639,306648,A,"{'x': 596555, 'y': 6648755, 'spatialReference': {'wkid': 25832, 'latestWkid': 25832}}",False,True,False,False,False,2557.0,1534200.0,0.2471,0.099,0.015,0.3649635899,0.2045823369,0.0,0.0867271187,0.0818329347,0.0785483182,0.0,0.1198211838,0.0298113714,0,0.008837235,0.0119245486,0.0780852638,0,0.0184400369,0.013171455,0,0.0101028143,0.005268582,0.0,0,Bergvarme100
14,72,593933,3,OSLO,301,OSLO,81553505,0,152,Studenthjem/studentboliger,FA,Ferdigattest,19661216,19670803,19680802,20171019,Y,Annet som ikke er næring, , ,20171019,20171019,0,Ikke utfylt,3605.0,3580.0,25.0,5,126,L,22,EUREF89 UTM Sone 32,52,DigitFraStrekKart1_1000,6648675.0,596504.0,0.0,U,23,EUREF89 UTM Sone 33,52,DigitFraStrekKart1_1000,6655113.68,261593.13,0.0,1,N,1.0,Panelovn,Avtrekksventilasjon,Varmesentral 1 (OMT72),1970,Boligblokk,B,X,,549025,506479,A,"{'x': 596504, 'y': 6648675, 'spatialReference': {'wkid': 25832, 'latestWkid': 25832}}",False,True,False,False,False,4260.0,2556000.0,0.4117,0.165,0.026,0.6079915626,0.3408129965,0.0,0.1444784025,0.1363251986,0.1308533675,0.0,0.1996096892,0.049662659,0,0.0147219187,0.0198650636,0.1300819667,0,0.0307191928,0.0219422805,0,0.0168302428,0.0087769122,0.0,0,Bergvarme100
15,73,593934,3,OSLO,301,OSLO,81553513,0,612,Barnehage,FA,Ferdigattest,19661216,19670803,19690604,20171019,Q,Helse- og sosialtjenester, , ,20171019,20171019,0,Ikke utfylt,561.0,0.0,561.0,2,0,L,22,EUREF89 UTM Sone 32,52,DigitFraStrekKart1_1000,6648689.0,596533.0,0.0,U,23,EUREF89 UTM Sone 33,52,DigitFraStrekKart1_1000,6655125.0,261623.3,0.0,1,J,1.0,Panelovn,Balansert,Varmesentral 1 (OMT72),1970,Barnehage,F,X,,117390,82643,A,"{'x': 596533, 'y': 6648689, 'spatialReference': {'wkid': 25832, 'latestWkid': 25832}}",False,True,False,False,False,365.0,219000.0,0.0806,0.038,0.011,0.0679470062,0.0292178464,0.0,0.0418665194,0.0116871386,0.0270420213,0.0,0.0355094604,0.0045672461,0,0.0067088874,0.0018268985,0.0291153158,0,0.0032224302,0.0023017359,0,0.0099608389,0.0009206944,0.0,0,Bergvarme100
16,74,593935,3,OSLO,301,OSLO,81553521,0,152,Studenthjem/studentboliger,FA,Ferdigattest,19661216,19670613,19680724,20170929,X,Bolig, , ,19010101,19010101,0,Ikke utfylt,2164.0,2164.0,0.0,5,67,L,22,EUREF89 UTM Sone 32,52,DigitFraStrekKart1_1000,6648643.0,596568.0,0.0,U,23,EUREF89 UTM Sone 33,52,DigitFraStrekKart1_1000,6655075.99,261654.01,0.0,1,N,1.0,Panelovn,Avtrekksventilasjon,Varmesentral 1 (OMT72),1970,Boligblokk,B,X,,312639,304293,A,"{'x': 596568, 'y': 6648643, 'spatialReference': {'wkid': 25832, 'latestWkid': 25832}}",False,True,False,False,False,2557.0,1534200.0,0.2471,0.099,0.015,0.3649635899,0.2045823369,0.0,0.0867271187,0.0818329347,0.0785483182,0.0,0.1198211838,0.0298113714,0,0.008837235,0.0119245486,0.0780852638,0,0.0184400369,0.013171455,0,0.0101028143,0.005268582,0.0,0,Bergvarme100
17,75,593936,3,OSLO,301,OSLO,81553548,0,152,Studenthjem/studentboliger,FA,Ferdigattest,19661216,19671125,19700110,20171102,Y,Annet som ikke er næring, , ,20171102,20171102,0,Ikke utfylt,3156.0,3156.0,0.0,4,66,L,22,EUREF89 UTM Sone 32,52,DigitFraStrekKart1_1000,6648725.0,596617.0,0.0,U,23,EUREF89 UTM Sone 33,52,DigitFraStrekKart1_1000,6655153.26,261710.27,0.0,1,N,1.0,Panelovn,Avtrekksventilasjon,Varmesentral 1 (OMT72),1970,Boligblokk,B,X,,564275,629648,A,"{'x': 596617, 'y': 6648725, 'spatialReference': {'wkid': 25832, 'latestWkid': 25832}}",False,True,False,False,False,3730.0,2238000.0,0.3604,0.144,0.022,0.5322666773,0.2983649978,0.0,0.1264837277,0.1193459991,0.1145556804,0.0,0.1747484547,0.0434772127,0,0.012888315,0.0173908851,0.113880357,0,0.0268931407,0.0192093862,0,0.0147340489,0.0076837545,0.0,0,Bergvarme100
18,76,593937,3,OSLO,301,OSLO,81553556,0,612,Barnehage,FA,Ferdigattest,19661216,19671125,19700415,20171102,P,Undervisning, , ,20171102,20171102,0,Ikke utfylt,562.0,0.0,562.0,2,0,L,22,EUREF89 UTM Sone 32,52,DigitFraStrekKart1_1000,6648736.0,596646.0,0.0,U,23,EUREF89 UTM Sone 33,52,DigitFraStrekKart1_1000,6655161.6,261740.16,0.0,1,N,1.0,Panelovn,Balansert,Varmesentral 1 (OMT72),2009,Barnehage,F,X,,117390,99556,A,"{'x': 596646, 'y': 6648736, 'spatialReference': {'wkid': 25832, 'latestWkid': 25832}}",False,True,False,False,False,366.0,219600.0,0.0807,0.038,0.011,0.0680681239,0.0292699281,0.0,0.0419411478,0.0117079712,0.0270902245,0.0,0.0355727571,0.0045753874,0,0.0067208462,0.001830155,0.0291672148,0,0.0032281743,0.0023058388,0,0.0099785944,0.0009223355,0.0,0,Bergvarme100
19,77,593938,3,OSLO,301,OSLO,81553564,0,152,Studenthjem/studentboliger,FA,Ferdigattest,19661216,19671125,19691031,20171101,Y,Annet som ikke er næring, , ,20171101,20171101,0,Ikke utfylt,9945.0,9619.0,326.0,13,328,L,22,EUREF89 UTM Sone 32,52,DigitFraStrekKart1_1000,6648748.0,596674.0,0.0,U,23,EUREF89 UTM Sone 33,52,DigitFraStrekKart1_1000,6655171.02,261769.15,0.0,1,J,1.0,Radiator,Balansert,Varmesentral 1 (OMT72),2015,Boligblokk,B,X,,1250556,773317,A,"{'x': 596674, 'y': 6648748, 'spatialReference': {'wkid': 25832, 'latestWkid': 25832}}",False,True,False,False,False,11752.0,7051200.0,1.1356,0.454,0.071,1.6772471817,0.9401900832,0.0,0.3985680202,0.3760760333,0.3609810651,0.0,0.5506569652,0.1370028137,0,0.0406128937,0.0548011255,0.358853026,0,0.0847440699,0.0605314785,0,0.0464290609,0.0242125914,0.0,0,Bergvarme100
20,78,593939,3,OSLO,301,OSLO,81553572,0,152,Studenthjem/studentboliger,FA,Ferdigattest,19661216,19671031,19700110,20171101,Y,Annet som ikke er næring, , ,20171101,20171101,0,Ikke utfylt,2130.0,2061.0,69.0,5,36,L,22,EUREF89 UTM Sone 32,52,DigitFraStrekKart1_1000,6648692.0,596680.0,0.0,U,23,EUREF89 UTM Sone 33,52,DigitFraStrekKart1_1000,6655114.67,261770.05,0.0,1,N,1.0,Panelovn,Avtrekksventilasjon,Varmesentral 1 (OMT72),1970,Boligblokk,B,X,,320264,322806,A,"{'x': 596680, 'y': 6648692, 'spatialReference': {'wkid': 25832, 'latestWkid': 25832}}",False,True,False,False,False,2517.0,1510200.0,0.2432,0.097,0.015,0.3592294115,0.2013680118,0.0,0.085364493,0.0805472047,0.0773141949,0.0,0.1179385959,0.0293429857,0,0.0086983875,0.0117371943,0.0768584158,0,0.0181503136,0.0129645097,0,0.0099440824,0.0051858039,0.0,0,Bergvarme100
21,79,593941,3,OSLO,301,OSLO,81553599,0,152,Studenthjem/studentboliger,FA,Ferdigattest,19661216,19671031,19700220,20170929,X,Bolig, , ,20170929,19010101,0,Ikke utfylt,2164.0,2164.0,0.0,5,67,L,22,EUREF89 UTM Sone 32,52,DigitFraStrekKart1_1000,6648669.0,596624.0,0.0,U,23,EUREF89 UTM Sone 33,52,DigitFraStrekKart1_1000,6655096.83,261712.17,0.0,1,N,1.0,Panelovn,Avtrekksventilasjon,Varmesentral 1 (OMT72),1970,Boligblokk,B,X,,312639,286105,A,"{'x': 596624, 'y': 6648669, 'spatialReference': {'wkid': 25832, 'latestWkid': 25832}}",False,True,False,False,False,2557.0,1534200.0,0.2471,0.099,0.015,0.3649635899,0.2045823369,0.0,0.0867271187,0.0818329347,0.0785483182,0.0,0.1198211838,0.0298113714,0,0.008837235,0.0119245486,0.0780852638,0,0.0184400369,0.013171455,0,0.0101028143,0.005268582,0.0,0,Bergvarme100
22,100,4285839,3,OSLO,301,OSLO,81736359,0,152,Studenthjem/studentboliger,FA,Ferdigattest,19661216,19670926,19690604,20171102,X,Bolig, , ,20171102,20171102,0,Ikke utfylt,11503.0,11503.0,0.0,14,320,L,22,EUREF89 UTM Sone 32,--,UOppgitt,6648720.0,596780.0,0.0,U,23,EUREF89 UTM Sone 33,--,UOppgitt,6655133.51,261872.24,0.0,1,J,1.0,Radiator,Avtrekksventilasjon,Varmesentral 1 (OMT72),2007,Boligblokk,B,X,,1509818,954060,A,"{'x': 596780, 'y': 6648720, 'spatialReference': {'wkid': 25832, 'latestWkid': 25832}}",False,True,False,False,False,13594.0,8156400.0,1.3135,0.525,0.082,1.9400074742,1.0874818026,0.0,0.4610083395,0.4349927211,0.4175329505,0.0,0.6369237879,0.158465899,0,0.0469753762,0.0633863596,0.4150715292,0,0.0980202148,0.0700144392,0,0.0537027137,0.0280057757,0.0,0,Bergvarme100
23,111,5614767,3,OSLO,301,OSLO,300575950,0,152,Studenthjem/studentboliger,MB,Midlertidig brukstillatelse,20160816,20160916,20171106,20171128,Y,Annet som ikke er næring, , ,20161010,20160830,0,Ikke utfylt,6484.0,6303.0,181.0,9,220,L,22,EUREF89 UTM Sone 32, , ,6648597.6,596766.6,0.0,U,23,EUREF89 UTM Sone 33, , ,6655012.76,261847.79,0.0,1,N,0.0,Radiator,Balansert,Varmesentral 1 (OMT72),2018,Boligblokk,B,Y,,903603,608017,A,"{'x': 596766.5999999996, 'y': 6648597.6, 'spatialReference': {'wkid': 25832, 'latestWkid': 25832}}",False,True,False,False,False,4836.0,2901600.0,0.5722,0.178,0.039,0.699227397,0.3868813272,0.0,0.2598607383,0.1547525309,0.1575935389,0.0,0.2089996447,0.057369138,0,0.026479035,0.0229476552,0.1286828516,0,0.0311076585,0.0222197561,0,0.0302710941,0.0088879024,0.0,0,Bergvarme100
24,113,5615545,3,OSLO,301,OSLO,300576566,0,152,Studenthjem/studentboliger,MB,Midlertidig brukstillatelse,20160816,20161027,20180219,20180308,Y,Annet som ikke er næring, , ,20161128,20160901,0,Ikke utfylt,5106.0,4334.0,772.0,11,128,L,22,EUREF89 UTM Sone 32, , ,6648654.3,596798.7,0.0,U,23,EUREF89 UTM Sone 33, , ,6655066.35,261884.92,0.0,1,N,0.0,Radiator,Balansert,Varmesentral 1 (OMT72),2018,Boligblokk,B,Y,,491835,4744,A,"{'x': 596798.7000000002, 'y': 6648654.300000001, 'spatialReference': {'wkid': 25832, 'latestWkid': 25832}}",False,True,False,False,False,3808.0,2284800.0,0.4506,0.14,0.031,0.5506253993,0.3046600951,0.0,0.2046343199,0.1218640381,0.1241012661,0.0,0.1645823853,0.045176869,0,0.0208516275,0.0180707476,0.1013347687,0,0.0244965614,0.0174975439,0,0.0238377863,0.0069990176,0.0,0,Bergvarme100
25,114,5734422,3,OSLO,301,OSLO,300678632,0,152,Studenthjem/studentboliger,FA,Ferdigattest,20180411,20180918,20191031,20191204,X,Bolig, , ,20180921,20180418,0,Ikke utfylt,1307.0,1307.0,0.0,4,18,L,22,EUREF89 UTM Sone 32, , ,6648602.5,596509.1,0.0,U,23,EUREF89 UTM Sone 33, , ,6655040.97,261591.65,0.0,1,J,0.0,Elektrisk gulvvarme på bad. Ventilasjonsvarme,Balansert,Varmesentral 2 (OMT38),2019,Boligblokk,B,Y,,312639,217788,A,"{'x': 596509.0999999996, 'y': 6648602.5, 'spatialReference': {'wkid': 25832, 'latestWkid': 25832}}",False,True,False,False,False,975.0,585000.0,0.1153,0.036,0.008,0.1409454361,0.0779848696,0.0,0.0523809354,0.0311939479,0.0317666187,0.0,0.0421287069,0.0115640752,0,0.0053374612,0.0046256301,0.0259390017,0,0.0062704673,0.0044789052,0,0.0061018384,0.0017915621,0.0,0,Bergvarme100
26,115,5734455,3,OSLO,301,OSLO,300678663,0,152,Studenthjem/studentboliger,FA,Ferdigattest,20180411,20180918,20191031,20191204,Y,Annet som ikke er næring, , ,20180921,20180418,0,Ikke utfylt,2983.0,2983.0,0.0,5,40,L,22,EUREF89 UTM Sone 32, , ,6648626.0,596529.3,0.0,U,23,EUREF89 UTM Sone 33, , ,6655062.56,261613.9,0.0,1,J,0.0,Elektrisk gulvvarme på bad. Ventilasjonsvarme,Balansert,Varmesentral 2 (OMT38),2019,Boligblokk,B,Y,,312639,217788,A,"{'x': 596529.2999999998, 'y': 6648626, 'spatialReference': {'wkid': 25832, 'latestWkid': 25832}}",False,True,False,False,False,2225.0,1335000.0,0.2632,0.082,0.018,0.3216834246,0.1779868907,0.0,0.1195503674,0.0711947563,0.0725017777,0.0,0.0961514405,0.0263929887,0,0.0121818262,0.0105571955,0.0592012564,0,0.01431125,0.0102223215,0,0.013926384,0.0040889286,0.0,0,Bergvarme100
27,116,5734456,3,OSLO,301,OSLO,300678665,0,152,Studenthjem/studentboliger,FA,Ferdigattest,20180411,20180918,20191031,20191204,Y,Annet som ikke er næring, , ,20180921,20180418,0,Ikke utfylt,1816.0,1816.0,0.0,5,24,L,22,EUREF89 UTM Sone 32, , ,6648590.7,596551.9,0.0,U,23,EUREF89 UTM Sone 33, , ,6655025.34,261633.23,0.0,1,J,0.0,Elektrisk gulvvarme på bad. Ventilasjonsvarme,Balansert,Varmesentral 2 (OMT38),2019,Boligblokk,B,Y,,312639,217788,A,"{'x': 596551.9000000004, 'y': 6648590.699999999, 'spatialReference': {'wkid': 25832, 'latestWkid': 25832}}",False,True,False,False,False,1354.0,812400.0,0.1603,0.05,0.011,0.1958354338,0.1083554118,0.0,0.0727802438,0.0433421647,0.0441378573,0.0,0.0585353724,0.0160676056,0,0.00741609,0.0064270422,0.0360407246,0,0.0087124472,0.0062231766,0,0.0084781473,0.0024892706,0.0,0,Bergvarme100
28,122,6029002,3,OSLO,301,OSLO,300998411,0,152,Studenthjem/studentboliger,IG,Igangsettingstillatelse,20220117,20230918,10101,10101,Y,Annet som ikke er næring, , ,20230919,20220118,0,Ikke utfylt,4075.0,4030.0,45.0,7,124,L,22,EUREF89 UTM Sone 32, , ,6648816.4,596631.7,0.0,U,23,EUREF89 UTM Sone 33, , ,6655243.01,261733.2,0.0,1,J,0.0,Gulvvarme/Radiator,Balansert,Varmesentral 3 (OMT 28),2024,Boligblokk,B,Y,,,,A,"{'x': 596631.7000000002, 'y': 6648816.4, 'spatialReference': {'wkid': 25832, 'latestWkid': 25832}}",False,True,False,False,False,3039.0,1823400.0,0.3596,0.112,0.025,0.4394434983,0.2431433388,0.0,0.1633146991,0.0972573355,0.099042824,0.0,0.1313500235,0.0360547867,0,0.0166412812,0.0144219147,0.080873322,0,0.0195502326,0.0139644519,0,0.0190244769,0.0055857808,0.0,0,Bergvarme100
29,123,6029032,3,OSLO,301,OSLO,300998492,0,152,Studenthjem/studentboliger,IG,Igangsettingstillatelse,20220117,20230322,10101,10101,Y,Annet som ikke er næring, , ,20230324,20220118,0,Ikke utfylt,2725.0,2680.0,45.0,6,82,L,22,EUREF89 UTM Sone 32, , ,6648837.2,596584.2,0.0,U,23,EUREF89 UTM Sone 33, , ,6655268.04,261687.75,0.0,1,N,0.0,Gulvvarme/Radiator,Balansert,Varmesentral 3 (OMT 28),2024,Boligblokk,B,Y,,,,A,"{'x': 596584.2000000002, 'y': 6648837.199999999, 'spatialReference': {'wkid': 25832, 'latestWkid': 25832}}",False,True,False,False,False,2032.0,1219200.0,0.2405,0.075,0.016,0.2938609897,0.1625927848,0.0,0.1092104429,0.0650371139,0.0662310909,0.0,0.0878352918,0.0241102562,0,0.0111282187,0.0096441025,0.0540809332,0,0.0130734684,0.0093381917,0,0.0127218895,0.0037352767,0.0,0,Bergvarme100
30,124,6029336,3,OSLO,301,OSLO,300999322,0,152,Studenthjem/studentboliger,IG,Igangsettingstillatelse,20220117,20220922,10101,10101,Y,Annet som ikke er næring, , ,20221011,20220119,0,Ikke utfylt,5150.0,4950.0,200.0,6,55,L,22,EUREF89 UTM Sone 32, , ,6648777.2,596514.8,0.0,U,23,EUREF89 UTM Sone 33, , ,6655214.54,261613.16,0.0,1,J,0.0,Gulvvarme/Radiator,Balansert,Varmesentral 3 (OMT 28),2024,Boligblokk,B,Y,,,,A,"{'x': 596514.7999999998, 'y': 6648777.199999999, 'spatialReference': {'wkid': 25832, 'latestWkid': 25832}}",False,True,False,False,False,3841.0,2304600.0,0.4545,0.141,0.031,0.5553703107,0.3072854465,0.0,0.2063977178,0.1229141786,0.1251706856,0.0,0.1660006432,0.0455661722,0,0.0210313125,0.0182264689,0.1022080021,0,0.024707656,0.0176483257,0,0.024043204,0.0070593303,0.0,0,Bergvarme100
31,125,6029352,3,OSLO,301,OSLO,300999364,0,152,Studenthjem/studentboliger,IG,Igangsettingstillatelse,20220117,20230313,10101,10101,Y,Annet som ikke er næring, , ,20230324,20220119,0,Ikke utfylt,4805.0,4805.0,0.0,7,156,L,22,EUREF89 UTM Sone 32, , ,6648842.3,596532.5,0.0,U,23,EUREF89 UTM Sone 33, , ,6655277.81,261636.69,0.0,1,J,0.0,Gulvvarme/Radiator,Balansert,Varmesentral 3 (OMT 28),2024,Boligblokk,B,Y,,,,A,"{'x': 596532.5, 'y': 6648842.300000001, 'spatialReference': {'wkid': 25832, 'latestWkid': 25832}}",False,True,False,False,False,3584.0,2150400.0,0.424,0.132,0.029,0.5181658919,0.286700305,0.0,0.1925710746,0.114680122,0.1167854649,0.0,0.1548802118,0.0425136811,0,0.0196224188,0.0170054724,0.0953610583,0,0.0230524829,0.0164660592,0,0.0224325428,0.0065864237,0.0,0,Bergvarme100
32,127,6029364,3,OSLO,301,OSLO,300999425,0,152,Studenthjem/studentboliger,IG,Igangsettingstillatelse,20220117,20230106,10101,10101,Y,Annet som ikke er næring, , ,20230324,20220119,0,Ikke utfylt,1258.0,1150.0,108.0,4,27,L,22,EUREF89 UTM Sone 32, , ,6648820.1,596498.9,0.0,U,23,EUREF89 UTM Sone 33, , ,6655258.73,261601.2,0.0,1,J,0.0,Gulvvarme/Radiator,Balansert,Varmesentral 3 (OMT 28),2024,Boligblokk,B,Y,,,,A,"{'x': 596498.9000000004, 'y': 6648820.1, 'spatialReference': {'wkid': 25832, 'latestWkid': 25832}}",False,True,False,False,False,938.0,562800.0,0.111,0.035,0.008,0.1356613303,0.0750611829,0.0,0.0504171513,0.0300244731,0.0305756743,0.0,0.0405492833,0.0111305329,0,0.0051373575,0.0044522132,0.0249665372,0,0.0060353847,0.0043109891,0,0.0058730778,0.0017243956,0.0,0,Bergvarme100
33,128,6029368,3,OSLO,301,OSLO,300999446,0,152,Studenthjem/studentboliger,IG,Igangsettingstillatelse,20220117,20220923,10101,10101,Y,Annet som ikke er næring, , ,20220928,20220119,0,Ikke utfylt,2315.0,1735.0,580.0,4,21,L,22,EUREF89 UTM Sone 32, , ,6648746.6,596487.3,0.0,U,23,EUREF89 UTM Sone 33, , ,6655186.54,261582.98,0.0,1,J,0.0,Gulvvarme/Radiator,Balansert,Varmesentral 3 (OMT 28),2024,Boligblokk,B,Y,,,,A,"{'x': 596487.2999999998, 'y': 6648746.6, 'spatialReference': {'wkid': 25832, 'latestWkid': 25832}}",False,True,False,False,False,1727.0,1036200.0,0.2043,0.064,0.014,0.2496470426,0.1381292832,0.0,0.09277878,0.0552517133,0.0562660461,0.0,0.0746197066,0.020482658,0,0.0094538812,0.0081930632,0.0459439854,0,0.0111064512,0.0079331794,0,0.0108077703,0.0031732718,0.0,0,Bergvarme100
34,129,6029373,3,OSLO,301,OSLO,300999456,0,152,Studenthjem/studentboliger,IG,Igangsettingstillatelse,20220117,20220923,10101,10101,Y,Annet som ikke er næring, , ,20220928,20220119,0,Ikke utfylt,2130.0,1703.0,427.0,5,20,L,22,EUREF89 UTM Sone 32, , ,6648726.7,596514.9,0.0,U,23,EUREF89 UTM Sone 33, , ,6655164.21,261608.68,0.0,1,J,0.0,Gulvvarme/Radiator,Balansert,Varmesentral 3 (OMT 28),2024,Boligblokk,B,Y,,,,A,"{'x': 596514.9000000004, 'y': 6648726.699999999, 'spatialReference': {'wkid': 25832, 'latestWkid': 25832}}",False,True,False,False,False,1589.0,953400.0,0.188,0.059,0.013,0.229696847,0.127090874,0.0,0.085364493,0.0508363496,0.0517696234,0.0,0.0686565767,0.0188458149,0,0.0086983875,0.007538326,0.0422724358,0,0.0102188946,0.0072992104,0,0.0099440824,0.0029196842,0.0,0,Bergvarme100
